timestamp,arrivals,departures
2023-12-31 00:00:00+00:00,0,1
2024-01-01 00:00:00+00:00,121,122
2024-01-02 00:00:00+00:00,119,119
2024-01-03 00:00:00+00:00,121,119
2024-01-04 00:00:00+00:00,127,127
2024-01-05 00:00:00+00:00,137,137
2024-01-06 00:00:00+00:00,139,139
2024-01-07 00:00:00+00:00,124,123
2024-01-08 00:00:00+00:00,114,111
2024-01-09 00:00:00+00:00,77,80
2024-01-10 00:00:00+00:00,73,73
2024-01-11 00:00:00+00:00,89,86
2024-01-12 00:00:00+00:00,121,122
2024-01-13 00:00:00+00:00,118,116
2024-01-14 00:00:00+00:00,118,117
2024-01-15 00:00:00+00:00,110,105
2024-01-16 00:00:00+00:00,71,74
2024-01-17 00:00:00+00:00,72,73
2024-01-18 00:00:00+00:00,85,83
2024-01-19 00:00:00+00:00,118,121
2024-01-20 00:00:00+00:00,117,116
2024-01-21 00:00:00+00:00,114,113
2024-01-22 00:00:00+00:00,101,90
2024-01-23 00:00:00+00:00,78,80
2024-01-24 00:00:00+00:00,73,70
2024-01-25 00:00:00+00:00,83,83
2024-01-26 00:00:00+00:00,115,115
2024-01-27 00:00:00+00:00,119,118
2024-01-28 00:00:00+00:00,113,111
2024-01-29 00:00:00+00:00,104,104
2024-01-30 00:00:00+00:00,74,75
2024-01-31 00:00:00+00:00,68,69
2024-02-01 00:00:00+00:00,81,80
2024-02-02 00:00:00+00:00,116,113
2024-02-03 00:00:00+00:00,118,121
2024-02-04 00:00:00+00:00,122,120
2024-02-05 00:00:00+00:00,107,108
2024-02-06 00:00:00+00:00,79,77
2024-02-07 00:00:00+00:00,77,76
2024-02-08 00:00:00+00:00,89,87
2024-02-09 00:00:00+00:00,122,121
2024-02-10 00:00:00+00:00,141,140
2024-02-11 00:00:00+00:00,124,120
2024-02-12 00:00:00+00:00,115,115
2024-02-13 00:00:00+00:00,86,87
2024-02-14 00:00:00+00:00,95,94
2024-02-15 00:00:00+00:00,101,96
2024-02-16 00:00:00+00:00,129,130
2024-02-17 00:00:00+00:00,136,134
2024-02-18 00:00:00+00:00,127,126
2024-02-19 00:00:00+00:00,119,122
2024-02-20 00:00:00+00:00,92,90
2024-02-21 00:00:00+00:00,94,95
2024-02-22 00:00:00+00:00,99,100
2024-02-23 00:00:00+00:00,130,127
2024-02-24 00:00:00+00:00,134,134
2024-02-25 00:00:00+00:00,112,114
2024-02-26 00:00:00+00:00,110,109
2024-02-27 00:00:00+00:00,93,92
2024-02-28 00:00:00+00:00,97,96
2024-02-29 00:00:00+00:00,99,98
2024-03-01 00:00:00+00:00,135,131
2024-03-02 00:00:00+00:00,147,142
2024-03-03 00:00:00+00:00,127,129
2024-03-04 00:00:00+00:00,122,125
2024-03-05 00:00:00+00:00,93,94
2024-03-06 00:00:00+00:00,93,92
2024-03-07 00:00:00+00:00,99,97
2024-03-08 00:00:00+00:00,130,124
2024-03-09 00:00:00+00:00,144,138
2024-03-10 00:00:00+00:00,125,120
2024-03-11 00:00:00+00:00,124,117
2024-03-12 00:00:00+00:00,100,93
2024-03-13 00:00:00+00:00,98,96
2024-03-14 00:00:00+00:00,99,98
2024-03-15 00:00:00+00:00,127,111
2024-03-16 00:00:00+00:00,147,133
2024-03-17 00:00:00+00:00,132,124
2024-03-18 00:00:00+00:00,122,119
2024-03-19 00:00:00+00:00,105,99
2024-03-20 00:00:00+00:00,104,99
2024-03-21 00:00:00+00:00,107,101
2024-03-22 00:00:00+00:00,143,131
2024-03-23 00:00:00+00:00,150,137
2024-03-24 00:00:00+00:00,134,125
2024-03-25 00:00:00+00:00,131,125
2024-03-26 00:00:00+00:00,130,123
2024-03-27 00:00:00+00:00,134,122
2024-03-28 00:00:00+00:00,129,119
2024-03-29 00:00:00+00:00,157,138
2024-03-30 00:00:00+00:00,159,149
2024-03-31 00:00:00+00:00,161,154
2024-04-01 00:00:00+00:00,164,160
2024-04-02 00:00:00+00:00,167,162
2024-04-03 00:00:00+00:00,154,154
2024-04-04 00:00:00+00:00,160,160
2024-04-05 00:00:00+00:00,171,160
2024-04-06 00:00:00+00:00,174,173
2024-04-07 00:00:00+00:00,171,164
2024-04-08 00:00:00+00:00,159,155
2024-04-09 00:00:00+00:00,164,160
2024-04-10 00:00:00+00:00,150,146
2024-04-11 00:00:00+00:00,164,162
2024-04-12 00:00:00+00:00,172,167
2024-04-13 00:00:00+00:00,186,175
2024-04-14 00:00:00+00:00,169,158
2024-04-15 00:00:00+00:00,158,156
2024-04-16 00:00:00+00:00,164,156
2024-04-17 00:00:00+00:00,149,148
2024-04-18 00:00:00+00:00,163,151
2024-04-19 00:00:00+00:00,167,160
2024-04-20 00:00:00+00:00,184,172
2024-04-21 00:00:00+00:00,165,155
2024-04-22 00:00:00+00:00,158,154
2024-04-23 00:00:00+00:00,168,156
2024-04-24 00:00:00+00:00,148,146
2024-04-25 00:00:00+00:00,156,147
2024-04-26 00:00:00+00:00,163,156
2024-04-27 00:00:00+00:00,188,171
2024-04-28 00:00:00+00:00,165,154
2024-04-29 00:00:00+00:00,156,152
2024-04-30 00:00:00+00:00,168,159
2024-05-01 00:00:00+00:00,164,163
2024-05-02 00:00:00+00:00,171,164
2024-05-03 00:00:00+00:00,172,166
2024-05-04 00:00:00+00:00,200,190
2024-05-05 00:00:00+00:00,170,160
2024-05-06 00:00:00+00:00,163,158
2024-05-07 00:00:00+00:00,186,174
2024-05-08 00:00:00+00:00,165,161
2024-05-09 00:00:00+00:00,177,171
2024-05-10 00:00:00+00:00,94,139
2024-05-11 00:00:00+00:00,198,186
2024-05-12 00:00:00+00:00,171,161
2024-05-13 00:00:00+00:00,164,160
2024-05-14 00:00:00+00:00,178,172
2024-05-15 00:00:00+00:00,159,153
2024-05-16 00:00:00+00:00,175,165
2024-05-17 00:00:00+00:00,175,164
2024-05-18 00:00:00+00:00,172,186
2024-05-19 00:00:00+00:00,171,163
2024-05-20 00:00:00+00:00,27,22
2024-05-21 00:00:00+00:00,132,135
2024-05-22 00:00:00+00:00,155,151
2024-05-23 00:00:00+00:00,168,158
2024-05-24 00:00:00+00:00,173,160
2024-05-25 00:00:00+00:00,194,180
2024-05-26 00:00:00+00:00,167,157
2024-05-27 00:00:00+00:00,161,156
2024-05-28 00:00:00+00:00,183,170
2024-05-29 00:00:00+00:00,168,159
2024-05-30 00:00:00+00:00,177,170
2024-05-31 00:00:00+00:00,180,168
2024-06-01 00:00:00+00:00,202,187
2024-06-02 00:00:00+00:00,165,162
2024-06-03 00:00:00+00:00,164,159
2024-06-04 00:00:00+00:00,182,173
2024-06-05 00:00:00+00:00,167,160
2024-06-06 00:00:00+00:00,175,164
2024-06-07 00:00:00+00:00,178,166
2024-06-08 00:00:00+00:00,196,178
2024-06-09 00:00:00+00:00,166,161
2024-06-10 00:00:00+00:00,163,155
2024-06-11 00:00:00+00:00,176,167
2024-06-12 00:00:00+00:00,165,157
2024-06-13 00:00:00+00:00,172,163
2024-06-14 00:00:00+00:00,182,173
2024-06-15 00:00:00+00:00,192,187
2024-06-16 00:00:00+00:00,176,173
2024-06-17 00:00:00+00:00,170,148
2024-06-18 00:00:00+00:00,179,174
2024-06-19 00:00:00+00:00,162,164
2024-06-20 00:00:00+00:00,175,167
2024-06-21 00:00:00+00:00,181,169
2024-06-22 00:00:00+00:00,197,184
2024-06-23 00:00:00+00:00,172,167
2024-06-24 00:00:00+00:00,172,164
2024-06-25 00:00:00+00:00,185,176
2024-06-26 00:00:00+00:00,7,8
2024-06-27 00:00:00+00:00,182,170
2024-06-28 00:00:00+00:00,181,172
2024-06-29 00:00:00+00:00,191,177
2024-06-30 00:00:00+00:00,181,178
2024-07-01 00:00:00+00:00,193,180
2024-07-02 00:00:00+00:00,197,189
2024-07-03 00:00:00+00:00,177,171
2024-07-04 00:00:00+00:00,191,185
2024-07-05 00:00:00+00:00,187,179
2024-07-06 00:00:00+00:00,207,185
2024-07-07 00:00:00+00:00,187,176
2024-07-08 00:00:00+00:00,186,175
2024-07-09 00:00:00+00:00,196,188
2024-07-10 00:00:00+00:00,174,169
2024-07-11 00:00:00+00:00,191,184
2024-07-12 00:00:00+00:00,194,179
2024-07-13 00:00:00+00:00,212,193
2024-07-14 00:00:00+00:00,177,179
2024-07-15 00:00:00+00:00,179,172
2024-07-16 00:00:00+00:00,199,190
2024-07-17 00:00:00+00:00,184,175
2024-07-18 00:00:00+00:00,195,184
2024-07-19 00:00:00+00:00,174,166
2024-07-20 00:00:00+00:00,205,190
2024-07-21 00:00:00+00:00,177,185
2024-07-22 00:00:00+00:00,187,191
2024-07-23 00:00:00+00:00,205,206
2024-07-24 00:00:00+00:00,194,189
2024-07-25 00:00:00+00:00,200,200
2024-07-26 00:00:00+00:00,199,197
2024-07-27 00:00:00+00:00,209,208
2024-07-28 00:00:00+00:00,190,189
2024-07-29 00:00:00+00:00,192,190
2024-07-30 00:00:00+00:00,201,203
2024-07-31 00:00:00+00:00,187,184
2024-08-01 00:00:00+00:00,197,194
2024-08-02 00:00:00+00:00,202,199
2024-08-03 00:00:00+00:00,209,211
2024-08-04 00:00:00+00:00,191,190
2024-08-05 00:00:00+00:00,188,190
2024-08-06 00:00:00+00:00,214,212
2024-08-07 00:00:00+00:00,179,181
2024-08-08 00:00:00+00:00,201,199
2024-08-09 00:00:00+00:00,196,199
2024-08-10 00:00:00+00:00,211,208
2024-08-11 00:00:00+00:00,187,186
2024-08-12 00:00:00+00:00,184,186
2024-08-13 00:00:00+00:00,194,197
2024-08-14 00:00:00+00:00,168,166
2024-08-15 00:00:00+00:00,199,196
2024-08-16 00:00:00+00:00,191,187
2024-08-17 00:00:00+00:00,201,203
2024-08-18 00:00:00+00:00,193,191
2024-08-19 00:00:00+00:00,176,179
2024-08-20 00:00:00+00:00,195,194
2024-08-21 00:00:00+00:00,177,176
2024-08-22 00:00:00+00:00,191,192
2024-08-23 00:00:00+00:00,188,189
2024-08-24 00:00:00+00:00,203,206
2024-08-25 00:00:00+00:00,182,179
2024-08-26 00:00:00+00:00,184,181
2024-08-27 00:00:00+00:00,193,198
2024-08-28 00:00:00+00:00,178,178
2024-08-29 00:00:00+00:00,187,184
2024-08-30 00:00:00+00:00,193,189
2024-08-31 00:00:00+00:00,205,204
2024-09-01 00:00:00+00:00,179,181
2024-09-02 00:00:00+00:00,180,180
2024-09-03 00:00:00+00:00,184,186
2024-09-04 00:00:00+00:00,172,172
2024-09-05 00:00:00+00:00,185,182
2024-09-06 00:00:00+00:00,182,185
2024-09-07 00:00:00+00:00,206,199
2024-09-08 00:00:00+00:00,177,179
2024-09-09 00:00:00+00:00,176,175
2024-09-10 00:00:00+00:00,193,194
2024-09-11 00:00:00+00:00,175,176
2024-09-12 00:00:00+00:00,189,187
2024-09-13 00:00:00+00:00,188,185
2024-09-14 00:00:00+00:00,209,205
2024-09-15 00:00:00+00:00,180,183
2024-09-16 00:00:00+00:00,179,174
2024-09-17 00:00:00+00:00,196,195
2024-09-18 00:00:00+00:00,174,175
2024-09-19 00:00:00+00:00,187,182
2024-09-20 00:00:00+00:00,183,186
2024-09-21 00:00:00+00:00,206,206
2024-09-22 00:00:00+00:00,180,185
2024-09-23 00:00:00+00:00,175,167
2024-09-24 00:00:00+00:00,187,188
2024-09-25 00:00:00+00:00,176,176
2024-09-26 00:00:00+00:00,187,187
2024-09-27 00:00:00+00:00,185,187
2024-09-28 00:00:00+00:00,207,206
2024-09-29 00:00:00+00:00,185,186
2024-09-30 00:00:00+00:00,179,179
2024-10-01 00:00:00+00:00,186,186
2024-10-02 00:00:00+00:00,176,174
2024-10-03 00:00:00+00:00,186,186
2024-10-04 00:00:00+00:00,180,181
2024-10-05 00:00:00+00:00,207,204
2024-10-06 00:00:00+00:00,177,182
2024-10-07 00:00:00+00:00,172,170
2024-10-08 00:00:00+00:00,178,176
2024-10-09 00:00:00+00:00,174,174
2024-10-10 00:00:00+00:00,127,131
2024-10-11 00:00:00+00:00,172,156
2024-10-12 00:00:00+00:00,207,206
2024-10-13 00:00:00+00:00,181,180
2024-10-14 00:00:00+00:00,170,168
2024-10-15 00:00:00+00:00,184,183
2024-10-16 00:00:00+00:00,173,171
2024-10-17 00:00:00+00:00,186,184
2024-10-18 00:00:00+00:00,175,159
2024-10-19 00:00:00+00:00,58,76
2024-10-20 00:00:00+00:00,71,68
2024-10-21 00:00:00+00:00,169,169
2024-10-22 00:00:00+00:00,182,181
2024-10-23 00:00:00+00:00,179,172
2024-10-24 00:00:00+00:00,180,181
2024-10-25 00:00:00+00:00,181,178
2024-10-26 00:00:00+00:00,203,209
2024-10-27 00:00:00+00:00,168,165
2024-10-28 00:00:00+00:00,166,166
2024-10-29 00:00:00+00:00,181,169
2024-10-30 00:00:00+00:00,166,176
2024-10-31 00:00:00+00:00,165,167
2024-11-01 00:00:00+00:00,167,168
2024-11-02 00:00:00+00:00,209,203
2024-11-03 00:00:00+00:00,166,168
2024-11-04 00:00:00+00:00,151,151
2024-11-05 00:00:00+00:00,115,114
2024-11-06 00:00:00+00:00,132,127
2024-11-07 00:00:00+00:00,139,132
2024-11-08 00:00:00+00:00,153,151
2024-11-09 00:00:00+00:00,181,181
2024-11-10 00:00:00+00:00,147,149
2024-11-11 00:00:00+00:00,149,151
2024-11-12 00:00:00+00:00,114,116
2024-11-13 00:00:00+00:00,127,122
2024-11-14 00:00:00+00:00,129,128
2024-11-15 00:00:00+00:00,153,151
2024-11-16 00:00:00+00:00,170,171
2024-11-17 00:00:00+00:00,151,150
2024-11-18 00:00:00+00:00,149,147
2024-11-19 00:00:00+00:00,111,113
2024-11-20 00:00:00+00:00,110,108
2024-11-21 00:00:00+00:00,131,127
2024-11-22 00:00:00+00:00,141,139
2024-11-23 00:00:00+00:00,159,156
2024-11-24 00:00:00+00:00,147,148
2024-11-25 00:00:00+00:00,141,139
2024-11-26 00:00:00+00:00,104,102
2024-11-27 00:00:00+00:00,108,108
2024-11-28 00:00:00+00:00,121,118
2024-11-29 00:00:00+00:00,137,137
2024-11-30 00:00:00+00:00,157,154
2024-12-01 00:00:00+00:00,145,139
2024-12-02 00:00:00+00:00,128,121
2024-12-03 00:00:00+00:00,97,97
2024-12-04 00:00:00+00:00,111,101
2024-12-05 00:00:00+00:00,124,118
2024-12-06 00:00:00+00:00,135,128
2024-12-07 00:00:00+00:00,140,132
2024-12-08 00:00:00+00:00,147,136
2024-12-09 00:00:00+00:00,141,126
2024-12-10 00:00:00+00:00,91,84
2024-12-11 00:00:00+00:00,107,101
2024-12-12 00:00:00+00:00,118,117
2024-12-13 00:00:00+00:00,133,132
2024-12-14 00:00:00+00:00,143,140
2024-12-15 00:00:00+00:00,140,133
2024-12-16 00:00:00+00:00,135,128
2024-12-17 00:00:00+00:00,112,107
2024-12-18 00:00:00+00:00,111,108
2024-12-19 00:00:00+00:00,156,144
2024-12-20 00:00:00+00:00,156,154
2024-12-21 00:00:00+00:00,164,151
2024-12-22 00:00:00+00:00,153,141
2024-12-23 00:00:00+00:00,150,140
2024-12-24 00:00:00+00:00,116,113
2024-12-25 00:00:00+00:00,61,59
2024-12-26 00:00:00+00:00,141,130
2024-12-27 00:00:00+00:00,147,141
2024-12-28 00:00:00+00:00,162,151
2024-12-29 00:00:00+00:00,155,141
2024-12-30 00:00:00+00:00,145,137
2024-12-31 00:00:00+00:00,137,128
